Biến,VIF (toàn bộ biến),VIF (không gồm hài giờ)
hr_sin1,3.37,—
hr_cos1,3.27,—
hr_sin2,3.17,—
hr_cos2,3.17,—
hr_sin3,3.16,—
hr_cos3,3.15,—
hr_sin4,3.16,—
hr_cos4,3.16,—
hr_sin5,3.15,—
hr_cos5,3.16,—
hr_sin1×workingday,3.16,—
hr_cos1×workingday,3.17,—
hr_sin2×workingday,3.15,—
hr_cos2×workingday,3.17,—
hr_sin3×workingday,3.16,—
hr_cos3×workingday,3.15,—
hr_sin4×workingday,3.16,—
hr_cos4×workingday,3.16,—
hr_sin5×workingday,3.15,—
hr_cos5×workingday,3.16,—
workingday,1.08,1.08
holiday,1.07,1.07
temp,1.19,1.11
hum,1.74,1.39
windspeed,1.15,1.13
weathersit_2,1.20,1.15
weathersit_3_4,1.32,1.25
yr,1.11,1.11
