Nhóm,Cột trong mô hình,Cách mã hóa,Lý do
Giờ (chu kỳ 24h),"hr_sin1, hr_cos1, hr_sin2, hr_cos2, hr_sin3, hr_cos3, hr_sin4, hr_cos4, hr_sin5, hr_cos5","sin, cos của 2πk·hr/24, k = 1..5",Giờ 23 và giờ 0 liền kề nhau trên vòng tròn; nhiều hài (k) để biểu diễn hai đỉnh sáng/chiều
Giờ × ngày làm việc,"hr_sin1×workingday, hr_cos1×workingday, hr_sin2×workingday, hr_cos2×workingday, hr_sin3×workingday, hr_cos3×workingday, hr_sin4×workingday, hr_cos4×workingday, hr_sin5×workingday, hr_cos5×workingday",tích hài giờ với workingday,Dáng đường cong theo giờ khác nhau giữa ngày làm việc và ngày nghỉ
Ngày làm việc,workingday,nhị phân 0/1,Phân biệt ngày làm việc và ngày nghỉ
Ngày lễ,holiday,nhị phân 0/1,Ngày lễ có thể khác ngày thường
Nhiệt độ,temp,giữ nguyên giá trị chuẩn hóa,Biến thời tiết liên tục
Độ ẩm,hum,giữ nguyên giá trị chuẩn hóa,Biến thời tiết liên tục
Tốc độ gió,windspeed,giữ nguyên giá trị chuẩn hóa,Biến thời tiết liên tục
Tình trạng thời tiết,"weathersit_2, weathersit_3_4","one-hot, nhóm cơ sở là weathersit = 1; gộp mức 3 và 4",weathersit = 4 chỉ có 3 quan sát nên gộp với mức 3
Xu hướng,yr,"nhị phân: 0 = 2011, 1 = 2012",Nhu cầu năm 2012 cao hơn 2011; cần có 2012 trong tập huấn luyện
