Biến,Hệ số β,Sai số chuẩn,t,p-value,CI 95% thấp,CI 95% cao
const,3.5086,0.0226,155.3144,p < 0.001,3.4643,3.5529
hr_sin1,-1.0886,0.0106,-102.2584,p < 0.001,-1.1094,-1.0677
hr_cos1,-0.8229,0.0105,-78.6167,p < 0.001,-0.8434,-0.8024
hr_sin2,-0.2506,0.0103,-24.2772,p < 0.001,-0.2708,-0.2303
hr_cos2,0.4923,0.0103,47.7901,p < 0.001,0.4721,0.5125
hr_sin3,0.2902,0.0103,28.1913,p < 0.001,0.2700,0.3104
hr_cos3,0.2233,0.0103,21.7014,p < 0.001,0.2031,0.2435
hr_sin4,0.1674,0.0103,16.2548,p < 0.001,0.1472,0.1875
hr_cos4,-0.0675,0.0103,-6.5573,p < 0.001,-0.0876,-0.0473
hr_sin5,0.0182,0.0103,1.7706,p = 0.0767,-0.0019,0.0384
hr_cos5,-0.0895,0.0103,-8.6900,p < 0.001,-0.1097,-0.0693
hr_sin1×workingday,0.2238,0.0125,17.9506,p < 0.001,0.1994,0.2482
hr_cos1×workingday,-0.2025,0.0125,-16.2429,p < 0.001,-0.2269,-0.1780
hr_sin2×workingday,-0.6924,0.0125,-55.5394,p < 0.001,-0.7168,-0.6680
hr_cos2×workingday,-0.9952,0.0124,-79.9659,p < 0.001,-1.0196,-0.9708
hr_sin3×workingday,-0.4962,0.0124,-39.8543,p < 0.001,-0.5206,-0.4718
hr_cos3×workingday,0.2225,0.0125,17.8647,p < 0.001,0.1981,0.2469
hr_sin4×workingday,0.0113,0.0125,0.9060,p = 0.3650,-0.0131,0.0357
hr_cos4×workingday,0.3002,0.0125,24.1103,p < 0.001,0.2758,0.3246
hr_sin5×workingday,-0.0911,0.0124,-7.3150,p < 0.001,-0.1155,-0.0667
hr_cos5×workingday,-0.1053,0.0125,-8.4534,p < 0.001,-0.1297,-0.0809
workingday,-0.0379,0.0091,-4.1458,p < 0.001,-0.0558,-0.0200
holiday,-0.1664,0.0254,-6.5403,p < 0.001,-0.2163,-0.1165
temp,1.9857,0.0230,86.5020,p < 0.001,1.9407,2.0307
hum,0.0282,0.0272,1.0379,p = 0.2994,-0.0251,0.0815
windspeed,-0.4107,0.0348,-11.7878,p < 0.001,-0.4790,-0.3424
weathersit_2,-0.0853,0.0102,-8.3460,p < 0.001,-0.1054,-0.0653
weathersit_3_4,-0.6022,0.0165,-36.4389,p < 0.001,-0.6346,-0.5698
yr,0.4210,0.0108,39.1199,p < 0.001,0.3999,0.4421
